1,2,3,4,5,6,7,8
1,列王记上,11,http://abibletool.com/book/11-1.htm,0,1,http://abibletool.com/book/11-1.htm,0
1,列王记上,11,http://abibletool.com/book/11-1.htm,0,2,http://abibletool.com/book/11-2.htm,0
1,列王记上,11,http://abibletool.com/book/11-1.htm,0,3,http://abibletool.com/book/11-3.htm,0
1,列王记上,11,http://abibletool.com/book/11-1.htm,0,4,http://abibletool.com/book/11-4.htm,0
1,列王记上,11,http://abibletool.com/book/11-1.htm,0,5,http://abibletool.com/book/11-5.htm,0
1,列王记上,11,http://abibletool.com/book/11-1.htm,0,6,http://abibletool.com/book/11-6.htm,0
1,列王记上,11,http://abibletool.com/book/11-1.htm,0,7,http://abibletool.com/book/11-7.htm,0
1,列王记上,11,http://abibletool.com/book/11-1.htm,0,8,http://abibletool.com/book/11-8.htm,0
1,列王记上,11,http://abibletool.com/book/11-1.htm,0,9,http://abibletool.com/book/11-9.htm,0
1,列王记上,11,http://abibletool.com/book/11-1.htm,0,10,http://abibletool.com/book/11-10.htm,0
1,列王记上,11,http://abibletool.com/book/11-1.htm,0,11,http://abibletool.com/book/11-11.htm,0
1,列王记上,11,http://abibletool.com/book/11-1.htm,0,12,http://abibletool.com/book/11-12.htm,0
1,列王记上,11,http://abibletool.com/book/11-1.htm,0,13,http://abibletool.com/book/11-13.htm,0
1,列王记上,11,http://abibletool.com/book/11-1.htm,0,14,http://abibletool.com/book/11-14.htm,0
1,列王记上,11,http://abibletool.com/book/11-1.htm,0,15,http://abibletool.com/book/11-15.htm,0
1,列王记上,11,http://abibletool.com/book/11-1.htm,0,16,http://abibletool.com/book/11-16.htm,0
1,列王记上,11,http://abibletool.com/book/11-1.htm,0,17,http://abibletool.com/book/11-17.htm,0
1,列王记上,11,http://abibletool.com/book/11-1.htm,0,18,http://abibletool.com/book/11-18.htm,0
1,列王记上,11,http://abibletool.com/book/11-1.htm,0,19,http://abibletool.com/book/11-19.htm,0
1,列王记上,11,http://abibletool.com/book/11-1.htm,0,20,http://abibletool.com/book/11-20.htm,0
1,列王记上,11,http://abibletool.com/book/11-1.htm,0,21,http://abibletool.com/book/11-21.htm,0
1,列王记上,11,http://abibletool.com/book/11-1.htm,0,22,http://abibletool.com/book/11-22.htm,0
